{
  "atoms": 168475963,
  "donations": 1090,
  "btc": 4868.005369960001,
  "atom_per_btc": 11635,
  "eth": 246892.32491057238,
  "atom_per_eth": 452.30
}
